{
  "train": [
    {
      "epoch": 1,
      "loss": 0.2548984885215759,
      "mae_FFV": 0.09090761095285416,
      "mae_Tc": 0.12803027033805847
    },
    {
      "epoch": 2,
      "loss": 0.24077174067497253,
      "mae_FFV": 0.0798494815826416,
      "mae_Tc": 0.1316552460193634
    }
  ],
  "val": [
    {
      "epoch": 1,
      "loss": 0.3121471405029297,
      "mae_Tg": 0.0,
      "mae_FFV": 0.0815361887216568,
      "mae_Tc": 0.21477890014648438,
      "mae_Density": 0.0,
      "mae_Rg": 0.0,
      "mae_q_halt": 0.0,
      "mae_q_cont": 0.0
    },
    {
      "epoch": 2,
      "loss": 0.3085313141345978,
      "mae_Tg": 0.0,
      "mae_FFV": 0.08326303958892822,
      "mae_Tc": 0.21271218359470367,
      "mae_Density": 0.0,
      "mae_Rg": 0.0,
      "mae_q_halt": 0.0,
      "mae_q_cont": 0.0
    }
  ]
}